{
  "best_metric": null,
  "best_model_checkpoint": null,
  "epoch": 25.0,
  "eval_steps": 500,
  "global_step": 1000,
  "is_hyper_param_search": false,
  "is_local_process_zero": true,
  "is_world_process_zero": true,
  "log_history": [
    {
      "epoch": 12.5,
      "learning_rate": 8.333333333333334e-05,
      "loss": 1.4215,
      "step": 500
    },
    {
      "epoch": 25.0,
      "learning_rate": 5.555555555555556e-05,
      "loss": 0.7483,
      "step": 1000
    }
  ],
  "logging_steps": 500,
  "max_steps": 2000,
  "num_train_epochs": 50,
  "save_steps": 500,
  "total_flos": 1.795045986307782e+17,
  "trial_name": null,
  "trial_params": null
}
